Label,# Samples,Average,Min,Max,Std. Dev.,Error %,Throughput,Received KB/sec,Sent KB/sec,Avg. Bytes
HTTP Request,121829,1,0,2380,7.49,0.002%,2009.15283,589047.31,559.18,300218.3
TOTAL,121829,1,0,2380,7.49,0.002%,2009.15283,589047.31,559.18,300218.3
