Label,# Samples,Average,Min,Max,Std. Dev.,Error %,Throughput,Received KB/sec,Sent KB/sec,Avg. Bytes
HTTP Request,123072,1,0,2253,7.37,0.001%,2044.58916,604764.60,569.05,302886.7
TOTAL,123072,1,0,2253,7.37,0.001%,2044.58916,604764.60,569.05,302886.7
