Label,# Samples,Average,Min,Max,Std. Dev.,Error %,Throughput,Received KB/sec,Sent KB/sec,Avg. Bytes
HTTP Request,116199,1,0,1248,5.49,0.002%,1914.19017,568677.08,532.75,304215.0
TOTAL,116199,1,0,1248,5.49,0.002%,1914.19017,568677.08,532.75,304215.0
